{
     "current_playlist":[],
     "cardbox":
    [
         {"songsbox":"top charts",
         "songscards":[
             { "id":0,
                 "playlist_type":true,
                 "playlist":[
             {"id":0,
                 "playlist_type":false,
                 "playlist":null,
                 "song_name":"paro",
                 "album_name":"pyaar ka panchnaman 2",
                 "singers":"",
                 "image_source":"assests/images/ppk2.jpg",
                 "quality":{"low":"assests/songs/paro.mp3","medium":"","high":""},
                 "release_date":"date"      
                 },
             {
                "id":1,
                 "playlist_type":false,
                 "playlist":null,
                 "song_name":"jiyo re bahubal",
                 "album_name":"bahubali 2",
                 "singers":"",
                 "image_source":"assests/images/bahubali.jpg",
                 "quality":{"low":"assests/songs/jiyorebahubali.mp3","medium":"","high":""},
                 "release_date":"date"    
                },
             {
                 "id":2,
                 "playlist_type":false,
                 "playlist":null,
                 "song_name":"hamsafar",
                 "album_name":"badrinath ki dhulania",
                 "singers":"",
                 "image_source":"assests/images/hamsafar.jpg",
                 "quality":{"low":"assests/songs/hamsafar.mp3","medium":"","high":""},
                 "release_date":"date"
             },
             {
                "id":3,
                 "playlist_type":false,
                 "playlist":null,
                 "song_name":"ik vaari aa",
                 "album_name":"raabta",
                 "singers":"",
                 "image_source":"assests/images/ik_vaari_aa.jpg",
                 "quality":{"low":"assests/songs/ikvaariaa.mp3","medium":"","high":""},
                 "release_date":"date"},
             {
                "id":4,
                 "playlist_type":false,
                 "playlist":null,
                 "song_name":"ladki kar gayi chull",
                 "album_name":"kapoor and sons",
                 "singers":"",
                 "image_source":"assests/images/hip_hop.jpg",
                 "quality":{"low":"assests/songs/kargyichull.mp3","medium":"","high":""},
                 "release_date":"date"},
             {
                "id":5,
                 "playlist_type":false,
                 "playlist":null,
                 "song_name":"let me love you",
                 "album_name":"encore",
                 "singers":"",
                 "image_source":"assests/images/letmeloveu.jpg",
                 "quality":{"low":"assests/songs/letmeloveu.mp3","medium":"","high":""},
                 "release_date":"date"},
             {
                "id":6,
                 "playlist_type":false,
                 "playlist":null,
                 "song_name":"raabta",
                 "album_name":"raabta",
                 "singers":"",
                 "image_source":"assests/images/rabta.jpg",
                 "quality":{"low":"assests/songs/raabta.mp3","medium":"","high":""},
                 "release_date":"date"
             },
             {
                 "id":7,
                 "playlist_type":false,
                 "playlist":null,
                 "song_name":"shape of you",
                 "album_name":"shape of you",
                 "singers":"",
                 "image_source":"assests/images/shape_of_you.jpg",
                 "quality":{"low":"assests/songs/shapeofyou.mp3","medium":"","high":""},
                 "release_date":"date"
             }
         ],
                 "song_name":"ganna top 50",
                 "album_name":"",
                 "singers":"",
                 "image_source":"assests/images/ganna_top50.jpg",
                 "quality":{"low":"","medium":"","high":""},
                 "release_date":"date"      
                 },
             {
                "id":1,
                 "playlist_type":true,
                 "playlist":[
             {"id":0,
                 "playlist_type":false,
                 "playlist":null,
                 "song_name":"paro",
                 "album_name":"pyaar ka panchnaman 2",
                 "singers":"",
                 "image_source":"assests/images/ppk2.jpg",
                 "quality":{"low":"assests/songs/paro.mp3","medium":"","high":""},
                 "release_date":"date"      
                 },
             {
                "id":1,
                 "playlist_type":false,
                 "playlist":null,
                 "song_name":"jiyo re bahubali",
                 "album_name":"bahubali 2",
                 "singers":"",
                 "image_source":"assests/images/bahubali.jpg",
                 "quality":{"low":"assests/songs/jiyorebahubali.mp3","medium":"","high":""},
                 "release_date":"date"    
                },
             {
                 "id":2,
                 "playlist_type":false,
                 "playlist":null,
                 "song_name":"hamsafar",
                 "album_name":"badrinath ki dhulania",
                 "singers":"",
                 "image_source":"assests/images/hamsafar.jpg",
                 "quality":{"low":"assests/songs/hamsafar.mp3","medium":"","high":""},
                 "release_date":"date"
             },
             {
                "id":3,
                 "playlist_type":false,
                 "playlist":null,
                 "song_name":"ik vaari aa",
                 "album_name":"raabta",
                 "singers":"",
                 "image_source":"assests/images/ik_vaari_aa.jpg",
                 "quality":{"low":"assests/songs/ikvaariaa.mp3","medium":"","high":""},
                 "release_date":"date"},
             {
                "id":4,
                 "playlist_type":false,
                 "playlist":null,
                 "song_name":"ladki kar gayi chull",
                 "album_name":"kapoor and sons",
                 "singers":"",
                 "image_source":"assests/images/hip_hop.jpg",
                 "quality":{"low":"assests/songs/kargyichull.mp3","medium":"","high":""},
                 "release_date":"date"},
             {
                "id":5,
                 "playlist_type":false,
                 "playlist":null,
                 "song_name":"let me love you",
                 "album_name":"encore",
                 "singers":"",
                 "image_source":"assests/images/letmeloveu.jpg",
                 "quality":{"low":"assests/songs/letmeloveu.mp3","medium":"","high":""},
                 "release_date":"date"},
             {
                "id":6,
                 "playlist_type":false,
                 "playlist":null,
                 "song_name":"raabta",
                 "album_name":"raabta",
                 "singers":"",
                 "image_source":"assests/images/rabta.jpg",
                 "quality":{"low":"assests/songs/raabta.mp3","medium":"","high":""},
                 "release_date":"date"
             },
             {
                 "id":7,
                 "playlist_type":false,
                 "playlist":null,
                 "song_name":"shape of you",
                 "album_name":"shape of you",
                 "singers":"",
                 "image_source":"assests/images/shape_of_you.jpg",
                 "quality":{"low":"assests/songs/shapeofyou.mp3","medium":"","high":""},
                 "release_date":"date"
             }
         ],
                 "song_name":"bollywood top 50",
                 "album_name":"",
                 "singers":"",
              "image_source":"assests/images/top_50.jpg",
                 "quality":{"low":"","medium":"","high":""},
                 "release_date":"date"    
                },
             {
                 "id":2,
                 "playlist_type":true,
                 "playlist":[
             {"id":0,
                 "playlist_type":false,
                 "playlist":null,
                 "song_name":"paro",
                 "album_name":"pyaar ka panchnaman 2",
                 "singers":"",
                 "image_source":"assests/images/ppk2.jpg",
                 "quality":{"low":"assests/songs/paro.mp3","medium":"","high":""},
                 "release_date":"date"      
                 },
             {
                "id":1,
                 "playlist_type":false,
                 "playlist":null,
                 "song_name":"jiyo re bahubali",
                 "album_name":"bahubali 2",
                 "singers":"",
                 "image_source":"assests/images/bahubali.jpg",
                 "quality":{"low":"assests/songs/jiyorebahubali.mp3","medium":"","high":""},
                 "release_date":"date"    
                },
             {
                 "id":2,
                 "playlist_type":false,
                 "playlist":null,
                 "song_name":"hamsafar",
                 "album_name":"badrinath ki dhulania",
                 "singers":"",
                 "image_source":"assests/images/hamsafar.jpg",
                 "quality":{"low":"assests/songs/hamsafar.mp3","medium":"","high":""},
                 "release_date":"date"
             },
             {
                "id":3,
                 "playlist_type":false,
                 "playlist":null,
                 "song_name":"ik vaari aa",
                 "album_name":"raabta",
                 "singers":"",
                 "image_source":"assests/images/ik_vaari_aa.jpg",
                 "quality":{"low":"assests/songs/ikvaariaa.mp3","medium":"","high":""},
                 "release_date":"date"},
             {
                "id":4,
                 "playlist_type":false,
                 "playlist":null,
                 "song_name":"ladki kar gayi chull",
                 "album_name":"kapoor and sons",
                 "singers":"",
                 "image_source":"assests/images/hip_hop.jpg",
                 "quality":{"low":"assests/songs/kargyichull.mp3","medium":"","high":""},
                 "release_date":"date"},
             {
                "id":5,
                 "playlist_type":false,
                 "playlist":null,
                 "song_name":"let me love you",
                 "album_name":"encore",
                 "singers":"",
                 "image_source":"assests/images/letmeloveu.jpg",
                 "quality":{"low":"assests/songs/letmeloveu.mp3","medium":"","high":""},
                 "release_date":"date"},
             {
                "id":6,
                 "playlist_type":false,
                 "playlist":null,
                 "song_name":"raabta",
                 "album_name":"raabta",
                 "singers":"",
                 "image_source":"assests/images/rabta.jpg",
                 "quality":{"low":"assests/songs/raabta.mp3","medium":"","high":""},
                 "release_date":"date"
             },
             {
                 "id":7,
                 "playlist_type":false,
                 "playlist":null,
                 "song_name":"shape of you",
                 "album_name":"shape of you",
                 "singers":"",
                 "image_source":"assests/images/shape_of_you.jpg",
                 "quality":{"low":"assests/songs/shapeofyou.mp3","medium":"","high":""},
                 "release_date":"date"
             }
         ],
                 "song_name":"new hot 20 hindi songs",
                 "album_name":"",
                 "singers":"",
                 "image_source":"assests/images/new_20.jpg",
                 "quality":{"low":"","medium":"","high":""},
                 "release_date":"date"
             },
             {
                "id":3,
                 "playlist_type":true,
                 "playlist":[
             {"id":0,
                 "playlist_type":false,
                 "playlist":null,
                 "song_name":"paro",
                 "album_name":"pyaar ka panchnaman 2",
                 "singers":"",
                 "image_source":"assests/images/ppk2.jpg",
                 "quality":{"low":"assests/songs/paro.mp3","medium":"","high":""},
                 "release_date":"date"      
                 },
             {
                "id":1,
                 "playlist_type":false,
                 "playlist":null,
                 "song_name":"jiyo re bahubali",
                 "album_name":"bahubali 2",
                 "singers":"",
                 "image_source":"assests/images/bahubali.jpg",
                 "quality":{"low":"assests/songs/jiyorebahubali.mp3","medium":"","high":""},
                 "release_date":"date"    
                },
             {
                 "id":2,
                 "playlist_type":false,
                 "playlist":null,
                 "song_name":"hamsafar",
                 "album_name":"badrinath ki dhulania",
                 "singers":"",
                 "image_source":"assests/images/hamsafar.jpg",
                 "quality":{"low":"assests/songs/hamsafar.mp3","medium":"","high":""},
                 "release_date":"date"
             },
             {
                "id":3,
                 "playlist_type":false,
                 "playlist":null,
                 "song_name":"ik vaari aa",
                 "album_name":"raabta",
                 "singers":"",
                 "image_source":"assests/images/ik_vaari_aa.jpg",
                 "quality":{"low":"assests/songs/ikvaariaa.mp3","medium":"","high":""},
                 "release_date":"date"},
             {
                "id":4,
                 "playlist_type":false,
                 "playlist":null,
                 "song_name":"ladki kar gayi chull",
                 "album_name":"kapoor and sons",
                 "singers":"",
                 "image_source":"assests/images/hip_hop.jpg",
                 "quality":{"low":"assests/songs/kargyichull.mp3","medium":"","high":""},
                 "release_date":"date"},
             {
                "id":5,
                 "playlist_type":false,
                 "playlist":null,
                 "song_name":"let me love you",
                 "album_name":"encore",
                 "singers":"",
                 "image_source":"assests/images/letmeloveu.jpg",
                 "quality":{"low":"assests/songs/letmeloveu.mp3","medium":"","high":""},
                 "release_date":"date"},
             {
                "id":6,
                 "playlist_type":false,
                 "playlist":null,
                 "song_name":"raabta",
                 "album_name":"raabta",
                 "singers":"",
                 "image_source":"assests/images/rabta.jpg",
                 "quality":{"low":"assests/songs/raabta.mp3","medium":"","high":""},
                 "release_date":"date"
             },
             {
                 "id":7,
                 "playlist_type":false,
                 "playlist":null,
                 "song_name":"shape of you",
                 "album_name":"shape of you",
                 "singers":"",
                 "image_source":"assests/images/shape_of_you.jpg",
                 "quality":{"low":"assests/songs/shapeofyou.mp3","medium":"","high":""},
                 "release_date":"date"
             }
         ],
                 "song_name":"bollywood love 2017",
                 "album_name":"",
                 "singers":"",
                 "image_source":"assests/images/bollylove_top5.jpg",
                 "quality":{"low":"","medium":"","high":""},
                 "release_date":"date"},
             {
                "id":4,
                 "playlist_type":true,
                 "playlist":[
             {"id":0,
                 "playlist_type":false,
                 "playlist":null,
                 "song_name":"paro",
                 "album_name":"pyaar ka panchnaman 2",
                 "singers":"",
                 "image_source":"assests/images/ppk2.jpg",
                 "quality":{"low":"assests/songs/paro.mp3","medium":"","high":""},
                 "release_date":"date"      
                 },
             {
                "id":1,
                 "playlist_type":false,
                 "playlist":null,
                 "song_name":"jiyo re bahubali",
                 "album_name":"bahubali 2",
                 "singers":"",
                 "image_source":"assests/images/bahubali.jpg",
                 "quality":{"low":"assests/songs/jiyorebahubali.mp3","medium":"","high":""},
                 "release_date":"date"    
                },
             {
                 "id":2,
                 "playlist_type":false,
                 "playlist":null,
                 "song_name":"hamsafar",
                 "album_name":"badrinath ki dhulania",
                 "singers":"",
                 "image_source":"assests/images/hamsafar.jpg",
                 "quality":{"low":"assests/songs/hamsafar.mp3","medium":"","high":""},
                 "release_date":"date"
             },
             {
                "id":3,
                 "playlist_type":false,
                 "playlist":null,
                 "song_name":"ik vaari aa",
                 "album_name":"raabta",
                 "singers":"",
                 "image_source":"assests/images/ik_vaari_aa.jpg",
                 "quality":{"low":"assests/songs/ikvaariaa.mp3","medium":"","high":""},
                 "release_date":"date"},
             {
                "id":4,
                 "playlist_type":false,
                 "playlist":null,
                 "song_name":"ladki kar gayi chull",
                 "album_name":"kapoor and sons",
                 "singers":"",
                 "image_source":"assests/images/hip_hop.jpg",
                 "quality":{"low":"assests/songs/kargyichull.mp3","medium":"","high":""},
                 "release_date":"date"},
             {
                "id":5,
                 "playlist_type":false,
                 "playlist":null,
                 "song_name":"let me love you",
                 "album_name":"encore",
                 "singers":"",
                 "image_source":"assests/images/letmeloveu.jpg",
                 "quality":{"low":"assests/songs/letmeloveu.mp3","medium":"","high":""},
                 "release_date":"date"},
             {
                "id":6,
                 "playlist_type":false,
                 "playlist":null,
                 "song_name":"raabta",
                 "album_name":"raabta",
                 "singers":"",
                 "image_source":"assests/images/rabta.jpg",
                 "quality":{"low":"assests/songs/raabta.mp3","medium":"","high":""},
                 "release_date":"date"
             },
             {
                 "id":7,
                 "playlist_type":false,
                 "playlist":null,
                 "song_name":"shape of you",
                 "album_name":"shape of you",
                 "singers":"",
                 "image_source":"assests/images/shape_of_you.jpg",
                 "quality":{"low":"assests/songs/shapeofyou.mp3","medium":"","high":""},
                 "release_date":"date"
             }
         ],
                 "song_name":"new 20 international songs",
                 "album_name":"",
                 "singers":"",
                 "image_source":"assests/images/internation_top5.jpg",
                 "quality":{"low":"","medium":"","high":""},
                 "release_date":"date"},
             {
                "id":5,
                 "playlist_type":true,
                 "playlist":[
             {"id":0,
                 "playlist_type":false,
                 "playlist":null,
                 "song_name":"paro",
                 "album_name":"pyaar ka panchnaman 2",
                 "singers":"",
                 "image_source":"assests/images/ppk2.jpg",
                 "quality":{"low":"assests/songs/paro.mp3","medium":"","high":""},
                 "release_date":"date"      
                 },
             {
                "id":1,
                 "playlist_type":false,
                 "playlist":null,
                 "song_name":"jiyo re bahubali",
                 "album_name":"bahubali 2",
                 "singers":"",
                 "image_source":"assests/images/bahubali.jpg",
                 "quality":{"low":"assests/songs/jiyorebahubali.mp3","medium":"","high":""},
                 "release_date":"date"    
                },
             {
                 "id":2,
                 "playlist_type":false,
                 "playlist":null,
                 "song_name":"hamsafar",
                 "album_name":"badrinath ki dhulania",
                 "singers":"",
                 "image_source":"assests/images/hamsafar.jpg",
                 "quality":{"low":"assests/songs/hamsafar.mp3","medium":"","high":""},
                 "release_date":"date"
             },
             {
                "id":3,
                 "playlist_type":false,
                 "playlist":null,
                 "song_name":"ik vaari aa",
                 "album_name":"raabta",
                 "singers":"",
                 "image_source":"assests/images/ik_vaari_aa.jpg",
                 "quality":{"low":"assests/songs/ikvaariaa.mp3","medium":"","high":""},
                 "release_date":"date"},
             {
                "id":4,
                 "playlist_type":false,
                 "playlist":null,
                 "song_name":"ladki kar gayi chull",
                 "album_name":"kapoor and sons",
                 "singers":"",
                 "image_source":"assests/images/hip_hop.jpg",
                 "quality":{"low":"assests/songs/kargyichull.mp3","medium":"","high":""},
                 "release_date":"date"},
             {
                "id":5,
                 "playlist_type":false,
                 "playlist":null,
                 "song_name":"let me love you",
                 "album_name":"encore",
                 "singers":"",
                 "image_source":"assests/images/letmeloveu.jpg",
                 "quality":{"low":"assests/songs/letmeloveu.mp3","medium":"","high":""},
                 "release_date":"date"},
             {
                "id":6,
                 "playlist_type":false,
                 "playlist":null,
                 "song_name":"raabta",
                 "album_name":"raabta",
                 "singers":"",
                 "image_source":"assests/images/rabta.jpg",
                 "quality":{"low":"assests/songs/raabta.mp3","medium":"","high":""},
                 "release_date":"date"
             },
             {
                 "id":7,
                 "playlist_type":false,
                 "playlist":null,
                 "song_name":"shape of you",
                 "album_name":"shape of you",
                 "singers":"",
                 "image_source":"assests/images/shape_of_you.jpg",
                 "quality":{"low":"assests/songs/shapeofyou.mp3","medium":"","high":""},
                 "release_date":"date"
             }
         ],
                 "song_name":"latest love bollywood 2017 songs",
                 "album_name":"",
                 "singers":"",
                 "image_source":"assests/images/bollylove_top5.jpg",
                 "quality":{"low":"","medium":"","high":""},
                 "release_date":"date"},
             {
                "id":6,
                 "playlist_type":true,
                 "playlist":[
             {"id":0,
                 "playlist_type":false,
                 "playlist":null,
                 "song_name":"paro",
                 "album_name":"pyaar ka panchnaman 2",
                 "singers":"",
                 "image_source":"assests/images/ppk2.jpg",
                 "quality":{"low":"assests/songs/paro.mp3","medium":"","high":""},
                 "release_date":"date"      
                 },
             {
                "id":1,
                 "playlist_type":false,
                 "playlist":null,
                 "song_name":"jiyo re bahubali",
                 "album_name":"bahubali 2",
                 "singers":"",
                 "image_source":"assests/images/bahubali.jpg",
                 "quality":{"low":"assests/songs/jiyorebahubali.mp3","medium":"","high":""},
                 "release_date":"date"    
                },
             {
                 "id":2,
                 "playlist_type":false,
                 "playlist":null,
                 "song_name":"hamsafar",
                 "album_name":"badrinath ki dhulania",
                 "singers":"",
                 "image_source":"assests/images/hamsafar.jpg",
                 "quality":{"low":"assests/songs/hamsafar.mp3","medium":"","high":""},
                 "release_date":"date"
             },
             {
                "id":3,
                 "playlist_type":false,
                 "playlist":null,
                 "song_name":"ik vaari aa",
                 "album_name":"raabta",
                 "singers":"",
                 "image_source":"assests/images/ik_vaari_aa.jpg",
                 "quality":{"low":"assests/songs/ikvaariaa.mp3","medium":"","high":""},
                 "release_date":"date"},
             {
                "id":4,
                 "playlist_type":false,
                 "playlist":null,
                 "song_name":"ladki kar gayi chull",
                 "album_name":"kapoor and sons",
                 "singers":"",
                 "image_source":"assests/images/hip_hop.jpg",
                 "quality":{"low":"assests/songs/kargyichull.mp3","medium":"","high":""},
                 "release_date":"date"},
             {
                "id":5,
                 "playlist_type":false,
                 "playlist":null,
                 "song_name":"let me love you",
                 "album_name":"encore",
                 "singers":"",
                 "image_source":"assests/images/letmeloveu.jpg",
                 "quality":{"low":"assests/songs/letmeloveu.mp3","medium":"","high":""},
                 "release_date":"date"},
             {
                "id":6,
                 "playlist_type":false,
                 "playlist":null,
                 "song_name":"raabta",
                 "album_name":"raabta",
                 "singers":"",
                 "image_source":"assests/images/rabta.jpg",
                 "quality":{"low":"assests/songs/raabta.mp3","medium":"","high":""},
                 "release_date":"date"
             },
             {
                 "id":7,
                 "playlist_type":false,
                 "playlist":null,
                 "song_name":"shape of you",
                 "album_name":"shape of you",
                 "singers":"",
                 "image_source":"assests/images/shape_of_you.jpg",
                 "quality":{"low":"assests/songs/shapeofyou.mp3","medium":"","high":""},
                 "release_date":"date"
             }
         ],
                 "song_name":"today top 5",
                 "album_name":"",
                 "singers":"",
                 "image_source":"assests/images/internation_top5love.jpg",
                 "quality":{"low":"","medium":"","high":""},
                 "release_date":"date"
             },
             {
                 "id":7,
                 "playlist_type":true,
                 "playlist":[
             {"id":0,
                 "playlist_type":false,
                 "playlist":null,
                 "song_name":"paro",
                 "album_name":"pyaar ka panchnaman 2",
                 "singers":"",
                 "image_source":"assests/images/ppk2.jpg",
                 "quality":{"low":"assests/songs/paro.mp3","medium":"","high":""},
                 "release_date":"date"      
                 },
             {
                "id":1,
                 "playlist_type":false,
                 "playlist":null,
                 "song_name":"jiyo re bahubali",
                 "album_name":"bahubali 2",
                 "singers":"",
                 "image_source":"assests/images/bahubali.jpg",
                 "quality":{"low":"assests/songs/jiyorebahubali.mp3","medium":"","high":""},
                 "release_date":"date"    
                },
             {
                 "id":2,
                 "playlist_type":false,
                 "playlist":null,
                 "song_name":"hamsafar",
                 "album_name":"badrinath ki dhulania",
                 "singers":"",
                 "image_source":"assests/images/hamsafar.jpg",
                 "quality":{"low":"assests/songs/hamsafar.mp3","medium":"","high":""},
                 "release_date":"date"
             },
             {
                "id":3,
                 "playlist_type":false,
                 "playlist":null,
                 "song_name":"ik vaari aa",
                 "album_name":"raabta",
                 "singers":"",
                 "image_source":"assests/images/ik_vaari_aa.jpg",
                 "quality":{"low":"assests/songs/ikvaariaa.mp3","medium":"","high":""},
                 "release_date":"date"},
             {
                "id":4,
                 "playlist_type":false,
                 "playlist":null,
                 "song_name":"ladki kar gayi chull",
                 "album_name":"kapoor and sons",
                 "singers":"",
                 "image_source":"assests/images/hip_hop.jpg",
                 "quality":{"low":"assests/songs/kargyichull.mp3","medium":"","high":""},
                 "release_date":"date"},
             {
                "id":5,
                 "playlist_type":false,
                 "playlist":null,
                 "song_name":"let me love you",
                 "album_name":"encore",
                 "singers":"",
                 "image_source":"assests/images/letmeloveu.jpg",
                 "quality":{"low":"assests/songs/letmeloveu.mp3","medium":"","high":""},
                 "release_date":"date"},
             {
                "id":6,
                 "playlist_type":false,
                 "playlist":null,
                 "song_name":"raabta",
                 "album_name":"raabta",
                 "singers":"",
                 "image_source":"assests/images/rabta.jpg",
                 "quality":{"low":"assests/songs/raabta.mp3","medium":"","high":""},
                 "release_date":"date"
             },
             {
                 "id":7,
                 "playlist_type":false,
                 "playlist":null,
                 "song_name":"shape of you",
                 "album_name":"shape of you",
                 "singers":"",
                 "image_source":"assests/images/shape_of_you.jpg",
                 "quality":{"low":"assests/songs/shapeofyou.mp3","medium":"","high":""},
                 "release_date":"date"
             }
         ],
                 "song_name":"today hindi top 5",
                 "album_name":"",
                 "singers":"",
                 "image_source":"assests/images/hindi_top5.jpg",
                 "quality":{"low":"","medium":"","high":""},
                 "release_date":"date"
             }
         ]
         },
         {"songsbox":"latest albums",
         "songscards":[
             {"id":0,
                 "playlist_type":false,
                 "playlist":null,
                 "song_name":"paro",
                 "album_name":"pyaar ka panchnaman 2",
                 "singers":"",
                 "image_source":"assests/images/ppk2.jpg",
                 "quality":{"low":"assests/songs/paro.mp3","medium":"","high":""},
                 "release_date":"date"      
                 },
             {
                "id":1,
                 "playlist_type":false,
                 "playlist":null,
                 "song_name":"jiyo re bahubali",
                 "album_name":"bahubali 2",
                 "singers":"",
                 "image_source":"assests/images/bahubali.jpg",
                 "quality":{"low":"assests/songs/jiyorebahubali.mp3","medium":"","high":""},
                 "release_date":"date"    
                },
             {
                 "id":2,
                 "playlist_type":false,
                 "playlist":null,
                 "song_name":"hamsafar",
                 "album_name":"badrinath ki dhulania",
                 "singers":"",
                 "image_source":"assests/images/hamsafar.jpg",
                 "quality":{"low":"assests/songs/hamsafar.mp3","medium":"","high":""},
                 "release_date":"date"
             },
             {
                "id":3,
                 "playlist_type":false,
                 "playlist":null,
                 "song_name":"ik vaari aa",
                 "album_name":"raabta",
                 "singers":"",
                 "image_source":"assests/images/ik_vaari_aa.jpg",
                 "quality":{"low":"assests/songs/ikvaariaa.mp3","medium":"","high":""},
                 "release_date":"date"},
             {
                "id":4,
                 "playlist_type":false,
                 "playlist":null,
                 "song_name":"ladki kar gayi chull",
                 "album_name":"kapoor and sons",
                 "singers":"",
                 "image_source":"assests/images/hip_hop.jpg",
                 "quality":{"low":"assests/songs/kargyichull.mp3","medium":"","high":""},
                 "release_date":"date"},
             {
                "id":5,
                 "playlist_type":false,
                 "playlist":null,
                 "song_name":"let me love you",
                 "album_name":"encore",
                 "singers":"",
                 "image_source":"assests/images/letmeloveu.jpg",
                 "quality":{"low":"assests/songs/letmeloveu.mp3","medium":"","high":""},
                 "release_date":"date"},
             {
                "id":6,
                 "playlist_type":false,
                 "playlist":null,
                 "song_name":"raabta",
                 "album_name":"raabta",
                 "singers":"",
                 "image_source":"assests/images/rabta.jpg",
                 "quality":{"low":"assests/songs/raabta.mp3","medium":"","high":""},
                 "release_date":"date"
             },
             {
                 "id":7,
                 "playlist_type":false,
                 "playlist":null,
                 "song_name":"shape of you",
                 "album_name":"shape of you",
                 "singers":"",
                 "image_source":"assests/images/shape_of_you.jpg",
                 "quality":{"low":"assests/songs/shapeofyou.mp3","medium":"","high":""},
                 "release_date":"date"
             }
         ]
         },
        {"songsbox":"new  releases",
         "songscards":[
             {"id":0,
                 "playlist_type":false,
                 "playlist":null,
                 "song_name":"paro",
                 "album_name":"pyaar ka panchnaman 2",
                 "singers":"",
                 "image_source":"assests/images/ppk2.jpg",
                 "quality":{"low":"assests/songs/paro.mp3","medium":"","high":""},
                 "release_date":"date"      
                 },
             {
                "id":1,
                 "playlist_type":false,
                 "playlist":null,
                 "song_name":"jiyo re bahubali",
                 "album_name":"bahubali 2",
                 "singers":"",
                 "image_source":"assests/images/bahubali.jpg",
                 "quality":{"low":"assests/songs/jiyorebahubali.mp3","medium":"","high":""},
                 "release_date":"date"    
                },
             {
                 "id":2,
                 "playlist_type":false,
                 "playlist":null,
                 "song_name":"hamsafar",
                 "album_name":"badrinath ki dhulania",
                 "singers":"",
                 "image_source":"assests/images/hamsafar.jpg",
                 "quality":{"low":"assests/songs/hamsafar.mp3","medium":"","high":""},
                 "release_date":"date"
             },
             {
                "id":3,
                 "playlist_type":false,
                 "playlist":null,
                 "song_name":"ik vaari aa",
                 "album_name":"raabta",
                 "singers":"",
                 "image_source":"assests/images/ik_vaari_aa.jpg",
                 "quality":{"low":"assests/songs/ikvaariaa.mp3","medium":"","high":""},
                 "release_date":"date"},
             {
                "id":4,
                 "playlist_type":false,
                 "playlist":null,
                 "song_name":"ladki kar gayi chull",
                 "album_name":"kapoor and sons",
                 "singers":"",
                 "image_source":"assests/images/hip_hop.jpg",
                 "quality":{"low":"assests/songs/kargyichull.mp3","medium":"","high":""},
                 "release_date":"date"},
             {
                "id":5,
                 "playlist_type":false,
                 "playlist":null,
                 "song_name":"let me love you",
                 "album_name":"encore",
                 "singers":"",
                 "image_source":"assests/images/letmeloveu.jpg",
                 "quality":{"low":"assests/songs/letmeloveu.mp3","medium":"","high":""},
                 "release_date":"date"},
             {
                "id":6,
                 "playlist_type":false,
                 "playlist":null,
                 "song_name":"raabta",
                 "album_name":"raabta",
                 "singers":"",
                 "image_source":"assests/images/rabta.jpg",
                 "quality":{"low":"assests/songs/raabta.mp3","medium":"","high":""},
                 "release_date":"date"
             },
             {
                 "id":7,
                 "playlist_type":false,
                 "playlist":null,
                 "song_name":"shape of you",
                 "album_name":"shape of you",
                 "singers":"",
                 "image_source":"assests/images/shape_of_you.jpg",
                 "quality":{"low":"assests/songs/shapeofyou.mp3","medium":"","high":""},
                 "release_date":"date"
             }
         ]
         },
        {"songsbox":"top trending",
         "songscards":[
             {"id":0,
                 "playlist_type":false,
                 "playlist":null,
                 "song_name":"paro",
                 "album_name":"pyaar ka panchnaman 2",
                 "singers":"",
                 "image_source":"assests/images/ppk2.jpg",
                 "quality":{"low":"assests/songs/paro.mp3","medium":"","high":""},
                 "release_date":"date"      
                 },
             {
                "id":1,
                 "playlist_type":false,
                 "playlist":null,
                 "song_name":"jiyo re bahubali",
                 "album_name":"bahubali 2",
                 "singers":"",
                 "image_source":"assests/images/bahubali.jpg",
                 "quality":{"low":"assests/songs/jiyorebahubali.mp3","medium":"","high":""},
                 "release_date":"date"    
                },
             {
                 "id":2,
                 "playlist_type":false,
                 "playlist":null,
                 "song_name":"hamsafar",
                 "album_name":"badrinath ki dhulania",
                 "singers":"",
                 "image_source":"assests/images/hamsafar.jpg",
                 "quality":{"low":"assests/songs/hamsafar.mp3","medium":"","high":""},
                 "release_date":"date"
             },
             {
                "id":3,
                 "playlist_type":false,
                 "playlist":null,
                 "song_name":"ik vaari aa",
                 "album_name":"raabta",
                 "singers":"",
                 "image_source":"assests/images/ik_vaari_aa.jpg",
                 "quality":{"low":"assests/songs/ikvaariaa.mp3","medium":"","high":""},
                 "release_date":"date"},
             {
                "id":4,
                 "playlist_type":false,
                 "playlist":null,
                 "song_name":"ladki kar gayi chull",
                 "album_name":"kapoor and sons",
                 "singers":"",
                 "image_source":"assests/images/hip_hop.jpg",
                 "quality":{"low":"assests/songs/kargyichull.mp3","medium":"","high":""},
                 "release_date":"date"},
             {
                "id":5,
                 "playlist_type":false,
                 "playlist":null,
                 "song_name":"let me love you",
                 "album_name":"encore",
                 "singers":"",
                 "image_source":"assests/images/letmeloveu.jpg",
                 "quality":{"low":"assests/songs/letmeloveu.mp3","medium":"","high":""},
                 "release_date":"date"},
             {
                "id":6,
                 "playlist_type":false,
                 "playlist":null,
                 "song_name":"raabta",
                 "album_name":"raabta",
                 "singers":"",
                 "image_source":"assests/images/rabta.jpg",
                 "quality":{"low":"assests/songs/raabta.mp3","medium":"","high":""},
                 "release_date":"date"
             },
             {
                 "id":7,
                 "playlist_type":false,
                 "playlist":null,
                 "song_name":"shape of you",
                 "album_name":"shape of you",
                 "singers":"",
                 "image_source":"assests/images/shape_of_you.jpg",
                 "quality":{"low":"assests/songs/shapeofyou.mp3","medium":"","high":""},
                 "release_date":"date"
             }
         ]
         }
         
     ]
}
